{
  "spine": {
    "head": [
      0.0,
      0.7578396201133728,
      7.107141017913818
    ],
    "tail": [
      2.0877032809213554e-15,
      0.5365403294563293,
      7.965549945831299
    ],
    "roll": 1.8371389387539239e-07,
    "parent": null
  },
  "spine.001": {
    "head": [
      1.9621329758315103e-15,
      0.4912913739681244,
      8.141070365905762
    ],
    "tail": [
      1.2255224199548328e-14,
      0.3734489977359772,
      9.225507736206055
    ],
    "roll": 2.5658553681751073e-07,
    "parent": "spine"
  },
  "spine.002": {
    "head": [
      -1.622443837807387e-14,
      0.37344902753829956,
      9.225507736206055
    ],
    "tail": [
      3.4021996510183797e-14,
      0.41202864050865173,
      10.555307388305664
    ],
    "roll": 3.106095505245321e-07,
    "parent": "spine.001"
  },
  "spine.003": {
    "head": [
      4.812098866623961e-14,
      0.4120286703109741,
      10.555307388305664
    ],
    "tail": [
      7.144365800999461e-14,
      0.4373859763145447,
      11.385430335998535
    ],
    "roll": -2.5759140953596216e-07,
    "parent": "spine.002"
  },
  "spine.005": {
    "head": [
      -4.144099207672655e-14,
      0.4015217423439026,
      11.858098983764648
    ],
    "tail": [
      -8.291984991432716e-15,
      0.27827024459838867,
      12.131590843200684
    ],
    "roll": 2.7637560151561047e-07,
    "parent": "spine.003"
  },
  "spine.006": {
    "head": [
      -3.2470652279155757e-14,
      0.278269499540329,
      12.131590843200684
    ],
    "tail": [
      2.294346895630184e-13,
      0.0871206521987915,
      14.089998245239258
    ],
    "roll": 3.424838723731227e-07,
    "parent": "spine.005"
  },
  "eyebrow_L": {
    "head": [
      0.43704113364219666,
      -0.9009339213371277,
      13.644988059997559
    ],
    "tail": [
      0.4370410740375519,
      -0.9009334444999695,
      15.612702369689941
    ],
    "roll": 2.0816406731682946e-07,
    "parent": "spine.006"
  },
  "eyebrow_R": {
    "head": [
      -0.4370410740375519,
      -0.9009339809417725,
      13.644988059997559
    ],
    "tail": [
      -0.43704113364219666,
      -0.9009335041046143,
      15.612702369689941
    ],
    "roll": -2.687384039745666e-07,
    "parent": "spine.006"
  },
  "shoulder.L": {
    "head": [
      0.2812395393848419,
      0.12501975893974304,
      11.282134056091309
    ],
    "tail": [
      1.3746404647827148,
      0.36966672539711,
      11.326144218444824
    ],
    "roll": -0.004619951359927654,
    "parent": "spine.003"
  },
  "upper_arm.L": {
    "head": [
      1.3699203729629517,
      0.37145087122917175,
      11.175549507141113
    ],
    "tail": [
      3.1857330799102783,
      0.39132967591285706,
      11.130531311035156
    ],
    "roll": 0.0021880927961319685,
    "parent": "shoulder.L"
  },
  "forearm.L": {
    "head": [
      3.185732841491699,
      0.3913295865058899,
      11.130531311035156
    ],
    "tail": [
      5.348634719848633,
      0.2894722819328308,
      11.192014694213867
    ],
    "roll": -0.0062145148403942585,
    "parent": "upper_arm.L"
  },
  "hand.L": {
    "head": [
      5.348634243011475,
      0.2894720435142517,
      11.192015647888184
    ],
    "tail": [
      5.890494346618652,
      0.28915923833847046,
      11.267069816589355
    ],
    "roll": 3.129243850708008e-07,
    "parent": "forearm.L"
  },
  "palm.01.L": {
    "head": [
      5.871426105499268,
      0.15712447464466095,
      11.283766746520996
    ],
    "tail": [
      6.093020439147949,
      0.0994463711977005,
      11.290955543518066
    ],
    "roll": -0.029673175886273384,
    "parent": "hand.L"
  },
  "f_index.01.L": {
    "head": [
      6.716204643249512,
      -0.06276028603315353,
      11.31117057800293
    ],
    "tail": [
      6.894474983215332,
      -0.06166224181652069,
      11.291820526123047
    ],
    "roll": 0.09250286221504211,
    "parent": "palm.01.L"
  },
  "f_index.02.L": {
    "head": [
      6.894474506378174,
      -0.0616624616086483,
      11.291816711425781
    ],
    "tail": [
      7.1159820556640625,
      -0.06640401482582092,
      11.246278762817383
    ],
    "roll": 0.13438960909843445,
    "parent": "f_index.01.L"
  },
  "f_index.03.L": {
    "head": [
      7.115981578826904,
      -0.06640375405550003,
      11.246278762817383
    ],
    "tail": [
      7.339698791503906,
      -0.05548672750592232,
      11.214763641357422
    ],
    "roll": 0.11868179589509964,
    "parent": "f_index.02.L"
  },
  "thumb.01.L": {
    "head": [
      5.844338893890381,
      0.018112635239958763,
      11.10369873046875
    ],
    "tail": [
      6.196512222290039,
      -0.13879141211509705,
      10.999469757080078
    ],
    "roll": 1.9166391211911105e-06,
    "parent": "palm.01.L"
  },
  "thumb.02.L": {
    "head": [
      6.196511268615723,
      -0.13879163563251495,
      10.999467849731445
    ],
    "tail": [
      6.402438163757324,
      -0.22906415164470673,
      10.945374488830566
    ],
    "roll": 1.5167742049015942e-06,
    "parent": "thumb.01.L"
  },
  "thumb.03.L": {
    "head": [
      6.402437686920166,
      -0.22906439006328583,
      10.94537353515625
    ],
    "tail": [
      6.593120574951172,
      -0.3509717881679535,
      10.897836685180664
    ],
    "roll": 1.8782557162921876e-06,
    "parent": "thumb.02.L"
  },
  "palm.02.L": {
    "head": [
      5.897129535675049,
      0.2728625237941742,
      11.306851387023926
    ],
    "tail": [
      6.699151039123535,
      0.1629558950662613,
      11.356048583984375
    ],
    "roll": -0.04363323003053665,
    "parent": "hand.L"
  },
  "f_middle.01.L": {
    "head": [
      6.699151039123535,
      0.16295604407787323,
      11.356051445007324
    ],
    "tail": [
      6.966457843780518,
      0.15232031047344208,
      11.294670104980469
    ],
    "roll": 0.22689174115657806,
    "parent": "palm.02.L"
  },
  "f_middle.02.L": {
    "head": [
      6.966457366943359,
      0.15232035517692566,
      11.29466724395752
    ],
    "tail": [
      7.213083267211914,
      0.1527184695005417,
      11.24439525604248
    ],
    "roll": 0.1954759657382965,
    "parent": "f_middle.01.L"
  },
  "f_middle.03.L": {
    "head": [
      7.213083744049072,
      0.15271848440170288,
      11.24439525604248
    ],
    "tail": [
      7.463520050048828,
      0.15636983513832092,
      11.219490051269531
    ],
    "roll": 0.08377687633037567,
    "parent": "f_middle.02.L"
  },
  "palm.03.L": {
    "head": [
      5.8953857421875,
      0.3822881281375885,
      11.301806449890137
    ],
    "tail": [
      6.66029167175293,
      0.3669651746749878,
      11.368337631225586
    ],
    "roll": -0.10122887790203094,
    "parent": "hand.L"
  },
  "f_ring.01.L": {
    "head": [
      6.660292148590088,
      0.36696508526802063,
      11.368331909179688
    ],
    "tail": [
      6.896180629730225,
      0.374816358089447,
      11.304888725280762
    ],
    "roll": 0.27227094769477844,
    "parent": "palm.03.L"
  },
  "f_ring.02.L": {
    "head": [
      6.896181106567383,
      0.3748166859149933,
      11.304889678955078
    ],
    "tail": [
      7.143425941467285,
      0.3845057189464569,
      11.263952255249023
    ],
    "roll": 0.23387569189071655,
    "parent": "f_ring.01.L"
  },
  "f_ring.03.L": {
    "head": [
      7.143426418304443,
      0.38450556993484497,
      11.263954162597656
    ],
    "tail": [
      7.393568515777588,
      0.3874607980251312,
      11.246062278747559
    ],
    "roll": 0.07311523705720901,
    "parent": "f_ring.02.L"
  },
  "palm.04.L": {
    "head": [
      5.880910396575928,
      0.4882059693336487,
      11.282734870910645
    ],
    "tail": [
      6.5705437660217285,
      0.594218909740448,
      11.333343505859375
    ],
    "roll": -0.07330368459224701,
    "parent": "hand.L"
  },
  "f_pinky.01.L": {
    "head": [
      6.5705437660217285,
      0.5942186713218689,
      11.333343505859375
    ],